{"model": "RandomForest", "threshold": 0.43434343434343436, "metric_value": 0.8683931952706834}